category_code,std_category,std_feature_id,feature_name,description
AUTH,인증·계정,AUTH-001,로그인,아이디·비밀번호 기반 로그인
AUTH,인증·계정,AUTH-002,소셜·SSO 로그인,외부 계정(구글·SAML 등)으로 로그인
AUTH,인증·계정,AUTH-003,2단계 인증,OTP·SMS·앱 등 추가 인증 수단
AUTH,인증·계정,AUTH-004,비밀번호 찾기·재설정,본인 확인 후 비밀번호 재설정
AUTH,인증·계정,AUTH-005,프로필 관리,이름·사진·연락처 등 내 정보 수정
AUTH,인증·계정,AUTH-006,세션·기기 관리,로그인 기기 목록 확인과 강제 로그아웃
HOME,홈·대시보드,HOME-001,홈 대시보드,로그인 후 첫 화면의 요약 정보
HOME,홈·대시보드,HOME-002,위젯 구성,홈 화면 위젯 추가·배치 변경
HOME,홈·대시보드,HOME-003,바로가기·즐겨찾기,자주 쓰는 메뉴·항목 고정
ORG,조직·권한,ORG-001,조직도,부서·구성원 계층 구조 조회
ORG,조직·권한,ORG-002,구성원 관리,구성원 추가·수정·비활성화
ORG,조직·권한,ORG-003,부서 관리,부서 생성·이동·병합
ORG,조직·권한,ORG-004,직급·직책 관리,직급·직책 체계 정의
ORG,조직·권한,ORG-005,역할·권한 관리,메뉴·기능 단위 접근 권한 부여
ORG,조직·권한,ORG-006,겸직·대리인,한 사람의 여러 소속 또는 부재 시 대리 처리
NTF,알림,NTF-001,알림 센터,서비스 내 알림 목록과 읽음 처리
NTF,알림,NTF-002,알림 설정,알림 종류별·채널별 수신 여부 설정
NTF,알림,NTF-003,외부 채널 알림,이메일·SMS·푸시·메신저로 알림 발송
SRCH,검색,SRCH-001,통합 검색,여러 메뉴의 데이터를 한 번에 검색
SRCH,검색,SRCH-002,상세 검색·필터,조건 조합 검색과 필터 저장
SET,개인 설정,SET-001,환경 설정,언어·시간대·테마 등 개인 환경
SET,개인 설정,SET-002,메뉴 개인화,메뉴 순서·표시 여부 변경
ADM,관리자,ADM-001,회사 정보 관리,회사명·로고·기본 정보 설정
ADM,관리자,ADM-002,메뉴·기능 사용 설정,회사 단위로 메뉴·기능 켜고 끄기
ADM,관리자,ADM-003,데이터 일괄 등록,엑셀 업로드 등으로 대량 등록
ADM,관리자,ADM-004,데이터 내보내기,엑셀·CSV 등으로 데이터 추출
ADM,관리자,ADM-005,사용 현황 통계,사용자·메뉴별 이용 통계
SEC,보안·감사,SEC-001,접속 로그,로그인·접속 기록 조회
SEC,보안·감사,SEC-002,감사 로그,데이터 변경 이력 조회
SEC,보안·감사,SEC-003,접근 제한,IP·기기·시간대 기반 접속 제한
SEC,보안·감사,SEC-004,보안 정책,비밀번호 정책·세션 만료 등 설정
SEC,보안·감사,SEC-005,정보 유출 방지,다운로드 제한·워터마크·화면 캡처 방지
INT,연동·API,INT-001,외부 서비스 연동,타 SaaS와의 연결 (캘린더·스토리지·메신저 등)
INT,연동·API,INT-002,공개 API,외부에서 데이터를 읽고 쓰는 API 제공
INT,연동·API,INT-003,웹훅,이벤트 발생 시 외부 URL 호출
INT,연동·API,INT-004,디렉터리 동기화,외부 인사·계정 시스템과 구성원 동기화
MOB,모바일,MOB-001,모바일 앱,iOS·Android 전용 앱 제공
MOB,모바일,MOB-002,모바일 웹,모바일 브라우저 대응 화면
MOB,모바일,MOB-003,PC 설치형 앱,Windows·macOS 설치형 클라이언트
BILL,결제·요금제,BILL-001,요금제 조회·변경,현재 요금제 확인과 업그레이드
BILL,결제·요금제,BILL-002,결제 내역,청구서·영수증 조회
BILL,결제·요금제,BILL-003,사용자 수·용량 관리,라이선스 수·저장 용량 확인과 추가
HELP,도움말·지원,HELP-001,도움말·가이드,사용 설명서·FAQ·툴팁
HELP,도움말·지원,HELP-002,고객 문의,1:1 문의·채팅 상담
HELP,도움말·지원,HELP-003,온보딩,첫 사용자 안내·초기 설정 마법사
HELP,도움말·지원,HELP-004,공지·업데이트 소식,서비스 공지와 신규 기능 안내
ETC,기타,ETC-000,기타,어느 분류에도 맞지 않는 기능 (N 번호로 추가)
